{"schemaVersion":"1.0","appDefinitionTemplate":{"id":"/providers/Microsoft.PowerApps/apps/","type":"Microsoft.PowerApps/apps","tags":{"primaryDeviceWidth":"640","primaryDeviceHeight":"1136","sienaVersion":"20200421T135733Z-3.20041.20.0","deviceCapabilities":"webcam","supportsPortrait":"true","supportsLandscape":"false","primaryFormFactor":"Phone","publisherVersion":"3.20041.20","minimumRequiredApiVersion":"2.2.0","hasComponent":"false","hasUnlockedComponent":"false"},"properties":{"appVersion":"2020-04-21T13:57:33Z","lifeCycleId":"Published","createdByClientVersion":{"major":3,"minor":20041,"build":20,"revision":0,"majorRevision":0,"minorRevision":0},"minClientVersion":{"major":3,"minor":20041,"build":20,"revision":0,"majorRevision":0,"minorRevision":0},"backgroundColor":"rgba(1, 60, 96, 1)","backgroundImageUri":"/6090209995702137837/N053d3c77-910b-4f1b-9bd7-59b3bdd44ff4-logoSmallFile","displayName":"Social Distance Detector Demo","description":"Social Distance Detector v2","commitMessage":"","appUris":{"documentUri":{"value":"/6090209995702137837/N145f45eb-d65f-4357-9d6c-49f5ca252732-document.msapp","readonlyValue":"/6090209995702137837/N145f45eb-d65f-4357-9d6c-49f5ca252732-document.msapp"},"imageUris":[]},"createdTime":"0001-01-01T00:00:00Z","lastModifiedTime":"0001-01-01T00:00:00Z","sharedGroupsCount":0,"sharedUsersCount":0,"icons":{"smallIconUri":"/6090209995702137837/N948e4a17-1499-4e77-b719-0c79daae307a-small.png","mediumIconUri":"/6090209995702137837/N1074cfa6-69f3-42e5-be60-ccdcb5f2542a-medium.png","largeIconUri":"/6090209995702137837/Nedcf1c2b-fe91-49e8-8d3a-ac3497ba138f-large.png","wideIconUri":"/6090209995702137837/Nc91d2ab3-0970-4da5-b3a9-90716e75c64e-wide.png"},"connectionReferences":{"682c83c9-9c33-44e9-825b-9fcf4fe22672":{"id":"d24023ad-6b23-4887-8b65-96ee4ae64358","displayName":"Custom Vision","iconUri":"https://connectoricons-prod.azureedge.net/cognitiveservicescustomvision/icon_1.0.1309.1901.png","dataSources":["CustomVision"],"dependencies":[],"dependents":[],"parameterHints":{},"isOnPremiseConnection":false,"sharedConnectionId":"bc827841-618f-45b4-9728-53b0bcd35bb7","dataSets":{},"apiTier":"Standard","isCustomApiConnection":false}},"databaseReferences":{},"almMode":"Environment","performanceOptimizationEnabled":true,"canConsumeAppPass":true},"isAppComponentLibrary":false,"appType":"ClassicCanvasApp","appComponents":[]}}